{"1": 0.8480909466743469, "2": 0.8536550998687744, "3": 0.8591271638870239, "4": 0.8511182069778442, "5": 0.8601431250572205, "6": 0.8600868582725525, "7": 0.8516456484794617, "8": 0.8487802147865295, "9": 0.8601643443107605}